{"cameraMode":{"drawMode":0,"name":"Shaded","section":"Shading Mode"},"sceneLighting":false,"audioPlay":false,"sceneViewState":{"m_AlwaysRefresh":false,"showFog":false,"showSkybox":false,"showFlares":false,"showImageEffects":false,"showParticleSystems":false,"showVisualEffectGraphs":true,"m_FxEnabled":true},"in2DMode":false,"pivot":{"x":-0.26592573523521426,"y":0.24678456783294679,"z":-51.69346237182617},"rotation":{"x":-0.19575545191764832,"y":0.060317229479551318,"z":-0.012008368968963623,"w":-0.9787523746490479},"size":2.1014511585235597,"orthographic":false}