{"cameraMode":{"drawMode":0,"name":"Shaded","section":"Shading Mode"},"sceneLighting":false,"audioPlay":false,"sceneViewState":{"m_AlwaysRefresh":false,"showFog":false,"showSkybox":false,"showFlares":false,"showImageEffects":false,"showParticleSystems":false,"showVisualEffectGraphs":true,"m_FxEnabled":true},"in2DMode":false,"pivot":{"x":0.028754664584994317,"y":0.028383195400238038,"z":-51.76686096191406},"rotation":{"x":-0.22392289340496064,"y":0.02343028597533703,"z":-0.005363332107663155,"w":-0.9743395447731018},"size":1.2391496896743775,"orthographic":false}