{"cameraMode":{"drawMode":0,"name":"Shaded","section":"Shading Mode"},"sceneLighting":true,"audioPlay":false,"sceneViewState":{"m_AlwaysRefresh":false,"showFog":false,"showSkybox":true,"showFlares":false,"showImageEffects":false,"showParticleSystems":false,"showVisualEffectGraphs":true,"m_FxEnabled":true},"in2DMode":false,"pivot":{"x":-3.2775356769561769,"y":0.4625474214553833,"z":-8.242765426635743},"rotation":{"x":0.028912147507071496,"y":-0.6995009183883667,"z":0.028344735503196718,"w":0.7134861350059509},"size":11.955606460571289,"orthographic":false}