{"cameraMode":{"drawMode":0,"name":"Shaded","section":"Shading Mode"},"sceneLighting":true,"audioPlay":false,"sceneViewState":{"m_AlwaysRefresh":false,"showFog":false,"showSkybox":true,"showFlares":false,"showImageEffects":false,"showParticleSystems":false,"showVisualEffectGraphs":true,"m_FxEnabled":true},"in2DMode":false,"pivot":{"x":61.63999938964844,"y":-20.12373161315918,"z":-11.751199722290039},"rotation":{"x":0.22414429485797883,"y":-0.059891603887081149,"z":0.013802221976220608,"w":0.9726177453994751},"size":3.189748764038086,"orthographic":false}